{"cameraMode":{"drawMode":0,"name":"Shaded","section":"Shading Mode"},"sceneLighting":true,"audioPlay":false,"sceneViewState":{"m_AlwaysRefresh":false,"showFog":true,"showSkybox":true,"showFlares":true,"showImageEffects":true,"showParticleSystems":true,"showVisualEffectGraphs":true,"m_FxEnabled":true},"in2DMode":false,"pivot":{"x":-0.17768865823745728,"y":0.06491175293922425,"z":0.2764735519886017},"rotation":{"x":-0.10251089930534363,"y":0.2729620337486267,"z":-0.02926643192768097,"w":-0.9561006426811218},"size":3.0233235359191896,"orthographic":false}